[5477 cddb];[9076 cddb];[8368 cddb];
[10230 cddb];[10383 cddb];[6858 cddb];[8029 cddb];[7653 cddb];[7852 cddb];
[4419 cddb];[7644 cddb];
[4520 cddb];[6174 cddb];[2619 cddb];
[10314 cddb];[8640 cddb];[2427 cddb];
[8291 cddb];[7344 cddb];
[7707 cddb];[6722 cddb];
[4975 cddb];[5889 cddb];
[7515 cddb];[4441 cddb];[8151 cddb];[7769 cddb];[3670 cddb];
[3475 cddb];[8592 cddb];
[4124 cddb];[6737 cddb];[7722 cddb];
[5010 cddb];[5205 cddb];
[8759 cddb];[7671 cddb];
[2781 cddb];[9669 cddb];
[5577 cddb];[8990 cddb];
[6339 cddb];[7517 cddb];
[7869 cddb];[6761 cddb];[10361 cddb];[5426 cddb];
[8297 cddb];[5238 cddb];
[8823 cddb];[7540 cddb];[7542 cddb];
[10064 cddb];[2819 cddb];
[2004 cddb];[3710 cddb];
[8537 cddb];[6756 cddb];
[6562 cddb];[8870 cddb];
[8120 cddb];[8043 cddb];[8234 cddb];
[4905 cddb];[4291 cddb];
[3134 cddb];[11531 cddb];[6210 cddb];
[6719 cddb];[8453 cddb];[3722 cddb];
[9063 cddb];[8890 cddb];[7794 cddb];[6802 cddb];
[8538 cddb];[7606 cddb];
[5324 cddb];[7847 cddb];
[8224 cddb];[8754 cddb];
[5360 cddb];[8430 cddb];
[4179 cddb];[4732 cddb];[4911 cddb];
[6798 cddb];[9068 cddb];
[2418 cddb];[2187 cddb];
[7061 cddb];[7469 cddb];
[7920 cddb];[8494 cddb];[6382 cddb];
[9485 cddb];[9348 cddb];
[1866 cddb];[2530 cddb];
[5371 cddb];[5959 cddb];
[3096 cddb];[3123 cddb];
[6665 cddb];[6663 cddb];
[10652 cddb];[9640 cddb];
[3395 cddb];[5122 cddb];[4563 cddb];
[4709 cddb];[4710 cddb];
[6620 cddb];[8349 cddb];[7622 cddb];
[9060 cddb];[8778 cddb];
[8559 cddb];[8917 cddb];
[11088 cddb];[11190 cddb];
[7134 cddb];[9695 cddb];
[8718 cddb];[8908 cddb];
[9868 cddb];[7731 cddb];[6944 cddb];
[6354 cddb];[8424 cddb];
[9172 cddb];[7918 cddb];
[9019 cddb];[2571 cddb];
[4178 cddb];[7199 cddb];[8683 cddb];
[8140 cddb];[10102 cddb];
[5681 cddb];[4384 cddb];[5657 cddb];
[4613 cddb];[6116 cddb];
[3296 cddb];[4271 cddb];[2139 cddb];
[8260 cddb];[8445 cddb];
[10107 cddb];[7341 cddb];
[4601 cddb];[2026 cddb];
[3931 cddb];[5754 cddb];
[9557 cddb];[6568 cddb];
[7429 cddb];[6811 cddb];
[7563 cddb];[6788 cddb];
[7404 cddb];[7405 cddb];
[6377 cddb];[3757 cddb];
[8097 cddb];[4676 cddb];[5746 cddb];
[3383 cddb];[6969 cddb];
[3529 cddb];[4114 cddb];
[2823 cddb];[4684 cddb];
[7934 cddb];[1838 cddb];
[10414 cddb];[2707 cddb];
[4508 cddb];[9662 cddb];
[4140 cddb];[3125 cddb];
[5830 cddb];[8888 cddb];
[9790 cddb];[7604 cddb];[7980 cddb];
[9114 cddb];[8301 cddb];
[10368 cddb];[10253 cddb];
[9793 cddb];[7223 cddb];
[6272 cddb];[7460 cddb];[8578 cddb];
[4774 cddb];[4588 cddb];
[5289 cddb];[11455 cddb];
[9738 cddb];[9713 cddb];
[4266 cddb];[6690 cddb];[3678 cddb];
[6950 cddb];[4184 cddb];
[9421 cddb];[9489 cddb];
[4108 cddb];[7977 cddb];
[4490 cddb];[7121 cddb];
[7549 cddb];[4282 cddb];
[7859 cddb];[9798 cddb];
[11166 cddb];[5867 cddb];
[6374 cddb];[9777 cddb];
[3086 cddb];[3215 cddb];
[3792 cddb];[8891 cddb];
[8422 cddb];[7898 cddb];
[1884 cddb];[9542 cddb];
[8779 cddb];[5731 cddb];
[7123 cddb];[9038 cddb];
[8370 cddb];[9876 cddb];
[5780 cddb];[5782 cddb];
[7094 cddb];[9189 cddb];
[9327 cddb];[9412 cddb];
[5664 cddb];[8717 cddb];
[3185 cddb];[4631 cddb];
[8659 cddb];[8114 cddb];
[8636 cddb];[4297 cddb];[4306 cddb];
[5835 cddb];[9278 cddb];
[6952 cddb];[6506 cddb];
[3356 cddb];[6955 cddb];
[5921 cddb];[8423 cddb];
[8859 cddb];[5988 cddb];
[3539 cddb];[4190 cddb];
[7363 cddb];[8118 cddb];
[8131 cddb];[7161 cddb];
[3106 cddb];[2957 cddb];
[4843 cddb];[8794 cddb];
[11538 cddb];[11423 cddb];
[6398 cddb];[4358 cddb];
[6762 cddb];[4876 cddb];
[7072 cddb];[5185 cddb];
[7201 cddb];[8536 cddb];
[10231 cddb];[4804 cddb];
[4586 cddb];[7633 cddb];
[7008 cddb];[8831 cddb];
[10133 cddb];[5549 cddb];
[9130 cddb];[8609 cddb];
[7365 cddb];[6948 cddb];
[9229 cddb];[8344 cddb];
[9807 cddb];[10312 cddb];
[11125 cddb];[10938 cddb];
[7483 cddb];[7288 cddb];
[2110 cddb];[1828 cddb];
[7719 cddb];[7346 cddb];
[2366 cddb];[2367 cddb];
[2950 cddb];[8135 cddb];
[4851 cddb];[7708 cddb];
[3793 cddb];[4895 cddb];[9209 cddb];
[10119 cddb];[7664 cddb];
[10320 cddb];[7581 cddb];
[7605 cddb];[9762 cddb];
[9601 cddb];[3990 cddb];
[10785 cddb];[10833 cddb];
[9115 cddb];[6102 cddb];
[10301 cddb];[6246 cddb];
[7525 cddb];[8995 cddb];
[8725 cddb];[4395 cddb];
[9450 cddb];[9333 cddb];
[5574 cddb];[7562 cddb];
[7778 cddb];[7192 cddb];
[10578 cddb];[10628 cddb];
[10061 cddb];[3517 cddb];
[7237 cddb];[7037 cddb];
[5394 cddb];[5418 cddb];
[5542 cddb];[6695 cddb];
[5099 cddb];[11530 cddb];
[8507 cddb];[6771 cddb];
[7350 cddb];[8473 cddb];
[6925 cddb];[6926 cddb];
[9811 cddb];[9588 cddb];
[2577 cddb];[2581 cddb];
[8949 cddb];[5912 cddb];
[2252 cddb];[4733 cddb];
[2890 cddb];[2891 cddb];
[10240 cddb];[7367 cddb];
[6162 cddb];[10449 cddb];
[8063 cddb];[2188 cddb];
[10983 cddb];[11174 cddb];
[3192 cddb];[7923 cddb];
[7291 cddb];[2406 cddb];
[7075 cddb];[1818 cddb];
[4988 cddb];[2317 cddb];
[4481 cddb];[6716 cddb];
[8795 cddb];[4292 cddb];
[10986 cddb];[7087 cddb];
[6741 cddb];[6547 cddb];
[9083 cddb];[8919 cddb];
[8306 cddb];[8663 cddb];
[1823 cddb];[9257 cddb];
[5392 cddb];[9486 cddb];
[8274 cddb];[8805 cddb];[8630 cddb];
[6316 cddb];[7311 cddb];
[11008 cddb];[11006 cddb];
[9008 cddb];[5776 cddb];
[7614 cddb];[7211 cddb];
[9678 cddb];[9614 cddb];
[9969 cddb];[3159 cddb];
[4959 cddb];[10085 cddb];
[5052 cddb];[7347 cddb];
[9838 cddb];[11388 cddb];
[7514 cddb];[5204 cddb];
[7064 cddb];[2807 cddb];
[3851 cddb];[6855 cddb];
[9161 cddb];[6922 cddb];
[8843 cddb];[8668 cddb];
[10000 cddb];[8664 cddb];
[10715 cddb];[10714 cddb];
[7361 cddb];[7750 cddb];
[9149 cddb];[8265 cddb];
[7802 cddb];[6992 cddb];
[6776 cddb];[3976 cddb];
[8901 cddb];[11150 cddb];
[2771 cddb];[5458 cddb];
[10293 cddb];[7599 cddb];
[2813 cddb];[3155 cddb];
[6740 cddb];[9193 cddb];
[3222 cddb];[4451 cddb];
[7170 cddb];[4348 cddb];
[8060 cddb];[6919 cddb];
[8464 cddb];[6314 cddb];
[7975 cddb];[6413 cddb];
[4145 cddb];[4886 cddb];
[8526 cddb];[8364 cddb];
[9637 cddb];[1858 cddb];
[9694 cddb];[6358 cddb];
[8311 cddb];[8312 cddb];
[7428 cddb];[6423 cddb];
[5443 cddb];[2440 cddb];
[5025 cddb];[9863 cddb];
